sentences,labels
 discussion.,False
" which explores the passage of time, is considered to be one of Shakespeare's most beautiful sonnets.",False
'Let Me Not To The Marriage Of True Minds' is a well-known and frequently anthologized sonnet written by Shakespeare.,False
"'Sonnet 130', also known as 'My Mistress' Eyes Are Nothing Like The Sun', is an example of Shakespeare's use of wit to make a point.",False
'Sonnet 29' is a celebrated poem which explores sadness and loneliness.,False
'Sonnet 55' is an often-quoted poem written by Shakespeare.,False
"'Sonnet 73', which explores the passage of time, is considered to be one of Shakespeare's most beautiful sonnets.",False
.,False
30. He wrote 'As You Like It' in 1600.,False
39. He wrote 'Antony and Cleopatra' in 1606.,False
44. He wrote 'Love's Labour's Lost' in 1588.,False
45. He wrote 'Cymbeline' in 1611.,False
"A change in the order of the base pairs on a gene sequence can generate different kinds of proteins, which, in turn, result in different physical and behavioral characteristics. ",True
A deeper understanding of his Lays and Sonnets can be gained by appreciating their period of writing.,False
"A gene mutation can cause a change in the production of proteins, resulting in changes in the organism’s physical or behavioral characteristics. ",True
A true testament to his genius and creativity.,False
Absolutely,False
Absolutely not,False
Absolutely yes,False
Acquiring energy from the Environment,True
Acting as a source of cell energy ,True
Acting as site for lipid metabolism ,True
Acting as the 'energy control center' of cells,True
Acting as the 'energy generator' of cells,True
Acting as the entry and exit points for protons ,True
Acting as the main source of energy in eukaryotic cells,True
Acting as the powerhouse of the cell,True
Acting as the site of cellular respiration ,True
Acting as the “energy factory”,True
Activating enzymes to enable energy production,True
After careful consideration,False
All the time,False
Allowing cells to absorb and store energy ,True
Allowing cells to capture and store energy ,True
Allowing cells to convert fat and carbohydrates into energy,True
Allowing cells to have anaerobic respiration ,True
Allowing cells to store energy in adenosine triphosphate,True
Allowing cells to take in and store energy from food,True
Allowing cells to take in energy from the environment,True
Allowing cells to utilize oxygen ,True
An incredible amount of work for one man's career.,False
An incredible output for such a short life!,False
An incredible talent he possessed!,False
"Architects of the English language, like Shakespeare, wrote 154 sonnets.",False
As a matter of fact,False
As far as I'm aware,False
"As with his plays, the 154 sonnets are filled with allusions and metaphors.",False
Being the center of intracellular energy metabolism,True
Breaking down carbohydrates for energy,True
Breaking down glucose molecules for energy ,True
Breaking down lipids to generate energy,True
"Breaking down lipids, proteins, and nucleic acids",True
Breaking down molecules to generate energy,True
By any means,False
"By reading his 154 sonnets, you can gain an understanding of the Renaissance period.",False
Can't say for sure,False
Cannot confirm,False
Cannot deny,False
Catalyzing metabolic reactions ,True
"Certain sections of the DNA are responsible for coding the sequence of amino acids, which are then used to form proteins, giving the organism its characteristics. ",True
Certainly,False
Certainly not,False
"Changes in the DNA can cause changes in the protein structure, which affects the characteristics of the organism. ",True
"Changes in the sequence of DNA’s four nucleotide bases—adenine, guanine, thymine, and cytosine—alter the functioning of proteins, leading to changes in the organism's traits. ",True
Changing energy from organic molecules to ATP,True
Changing proton concentration to generate energy,True
Characterizing the cell's power supply ,True
Chromosomes contain the genetic information that defines an organism’s features and characteristics. ,True
Closely coupled to cellular metabolic processes,True
Conceivably,False
Concentrating protons for the generation of ATP,True
Conducting mitochondrial respiration ,True
Containing enzymes to synthesize ATP from ADP ,True
Containing their own DNA that codes for proteins ,True
Converting energy from ADP to ATP ,True
Converting energy from electrons to ATP,True
Converting energy from food into the form required for cell processes ,True
Converting energy from oxidation,True
Converting energy into its useful forms ,True
Creating ATP to power cells,True
Crucial role in energy production,True
DNA acts as a set of instructions for cells to build and maintain the structures that make up living organisms. ,True
DNA carries information from one generation of an organism to the next. ,True
"DNA contains the information needed to create proteins, enzymes, and hormones in the body, which are responsible for determining physical and behavioral characteristics. ",True
DNA contains the instructions for the structure and function of all living organisms. ,True
DNA encodes information that helps control the development of the organism’s body and behavior. ,True
DNA functions as a storehouse for inheritable genetic information necessary for the formation of proteins that contribute to the physical and behavioral traits of living organisms. ,True
"DNA provides instructions to build molecules that are used by cells to produce proteins for the organism’s characteristics, including physical features and functional properties. ",True
"DNA replication produces two identical copies of a gene, allowing the genetic information to be passed down from generation to generation. ",True
Defining the metabolic rate of a cell,True
Definitely,False
Did any of his poems or plays draw inspiration from his travels?,False
Did anyone accompany him on his journey?,False
Did anyone ever know what happened to him?,False
Did anyone see him go?,False
Did anyone try to convince him to stay?,False
Did he feel burdened by the town?,False
Did he feel homesick while he was away?,False
Did he feel liberated from his past life?,False
Did he find new perspectives during his travels?,False
Did he find what he was looking for?,False
Did he gain any insights into life during,False
Did he have an epiphany during his travels?,False
Did he leave without saying goodbye?,False
Did he look back on his Stratford days fondly?,False
Did he miss Stratford?,False
Did he travel alone or with companions?,False
Did he visit any places he had only heard of through stories?,False
Did he want to explore the world outside of Stratford?,False
Did his family try to contact him during his absence?,False
Did his family try to prevent his departure?,False
Did his friends and family think he was crazy to go?,False
Different combinations of genes from each parent can result in unique characteristics in an organism. ,True
Different versions of a gene (alleles) can result in different phenotypes in the organism. ,True
"Different versions of genes, called alleles, produce different traits in an organism. ",True
Directing bioenergetics ,True
Doing aerobic respiration ,True
Doing anaerobic respiration,True
Driving anabolic processes within the cell ,True
Driving cellular processes such as metabolism and growth,True
Driving metabolic processes in cells,True
Dubiously,False
"During his life, Shakespeare created a total of plays and 154 sonnets.",False
"During his life, Shakespeare wrote plays and 154 sonnets. ",False
"During his lifetime, Shakespeare crafted plays and 154 sonnets. ",False
"During his lifetime, Shakespeare was responsible for plays and 154 sonnets. ",False
"During his lifetime, Shakespeare wrote and produced plays and 154 sonnets. ",False
"During his time, Shakespeare churned out plays and 154 sonnets. ",False
"During the expanse of his lifetime, Shakespeare produced plays and 154 sonnets. ",False
"During the stretch of his lifetime, Shakespeare authorized plays and 154 sonnets. ",False
"During the time of his life, Shakespeare authored plays and 154 sonnets. ",False
"During this lifetime, Shakespeare authored plays and 154 sonnets. ",False
"Each gene is a template for making specific proteins, which determine particular characteristics in a living organism. ",True
Enabling aerobic glucose metabolism,True
Enabling the cell to release energy,True
Engaging in oxidative metabolism ,True
Engaging in oxidative phosphorylation to convert energy from the breakdown of glucose ,True
"Engaging in protein, lipid, and carbohydrate production ",True
"Even though we don't know why he chose to write 154 sonnets, they still remain popular.",False
Everything is possible,False
"Evolution occurs as a result of natural selection, which promotes the survival of the fittest and ensures that only the most adapted species survive.",True
Evolution occurs due to natural selection acting on individual characteristics and traits in populations.,True
Evolutionary change occurs due to the differential reproduction of organisms in a population based on their advantageous traits.,True
Facilitating aerobic cellular respiration,True
Facilitating cellular respiration,True
Facilitating electron transport and respiration,True
Facilitating the conversion of energy from glucose,True
He is often regarded as the greatest writer in the English language.,False
"For the duration of his life, Shakespeare composed plays and 154 sonnets. ",False
Fueling cellular functioning,True
Fueling growth and reproduction,True
Furnishing cells with energy for cellular activities ,True
Gathering energy from food and oxygen to fuel cell activities ,True
Generating,True
Generating ATP by oxidizing sugar,True
Generating ATP molecules in the presence of oxygen ,True
Generating ATP through respiration,True
Generating ATP to drive cellular processes,True
Generating ATP to fuel metabolism,True
Generating ATP to power cellular functions ,True
Generating adenosine triphosphate (ATP) molecules,True
Generating chemical energy through oxidative phosphorylation,True
Generating energy for a cell from food molecules,True
Generating energy for all cellular activities,True
Generating energy for cell activities with the help of oxygen ,True
Generating energy for cellular functions ,True
Generating energy for cellular processes,True
Generating energy for the cell,True
Generating energy for the cell to use through the process of oxidative phosphorylation,True
Generating energy for the cell’s metabolic activities,True
Generating energy from NADH and FADH2,True
Generating energy from a series of redox reactions,True
Generating energy from anaerobic respiration ,True
Generating energy from carbohydrates,True
Generating energy from complex oxidative reactions,True
Generating energy from fat and carbohydrates,True
Generating energy from fatty acid breakdown,True
Generating energy from glycolysis,True
Generating energy from inorganic molecules,True
Generating energy from mitochondria-specific proteins and enzymes,True
Generating energy from mutations,True
Generating energy from organic nutrients,True
Generating energy from oxygen,True
Generating energy from oxygen consumption ,True
Generating energy from photosynthesis,True
Generating energy from the Krebs cycle,True
Generating energy from the breakdown of certain enzymes and nutrients ,True
Generating energy from the breakdown of fats,True
Generating energy from the breakdown of glucose,True
Generating energy from the oxidation of food molecules ,True
Generating energy from the oxidation of organic molecules,True
Generating energy from the transfer of electrons,True
Generating energy from the transformation of NADH,True
Generating energy from within the mitochondria,True
Generating energy to fuel cellular activities,True
Generating energy via cellular respiration,True
Generating enzymes needed for energy production,True
"Genes are composed of segments called codons, which determine the type of protein that will be produced, leading to physical differences between organisms. ",True
"Genes are made up of four different types of molecules, which can be combined in various ways to form different types of proteins, and therefore, different physical traits. ",True
Genes are responsible for passing traits on to each generation of living organisms. ,True
Genes contain instructions about which proteins to build and when to build them,True
Genes determine characteristics by encoding information within the DNA for the production of regulatory proteins. ,True
Genes determine the inherited characteristics of an organism by controlling the production of proteins. ,True
"Genes encode information that helps define an organism’s characteristics, as each gene codes for a specific protein. ",True
"Genes pair up, forming pairs of alleles, which determine the traits of an organism. ",True
Genetic mutations can be either beneficial or detrimental to an organism’s traits and development. ,True
"Genetic mutations can change the sequence of the base pairs in a gene, which can lead to different physical characteristics in an organism. ",True
"Genotype is the coded instructions and genes within an organism's DNA, while phenotype is the observable expression of that genetic instruction. ",True
"Genotype is the collection of genetic information passed down from parents, while phenotype is the physical expression of those genes.",True
"Genotype is the combination of genes that determines an organism's inherited traits, while phenotype is the observable product of those genes.",True
"Genotype is the combination of genes within an organism's DNA, while phenotype is the interpretation and expression of those genes. ",True
Genotype is the combination of genetic instructions contained within,True
"Genotype is the complete set of DNA instructions for an organism, while phenotype is the visible expression of an organism's particular genetic make-up.",True
"Genotype is the entire set of an organism's genetic information, while phenotype is the visible traits that genetic information produces. ",True
"Genotype is the genes and genotypic instructions that are inherited, while phenotype is the physical expression of those instructions. ",True
"Genotype is the genes present within an organism's body, while phenotype is the ultimate result or physical expression of those genes.",True
"Genotype is the genetic basis for the organism's development, while phenotype is the physical expression of that genetic basis. ",True
"Genotype is the genetic blueprint for an organism's development, while phenotype is the physical manifestation of that blueprint. ",True
"Genotype is the genetic blueprint for the organism, while phenotype is the visible characteristics of the organism resulting from that blueprint. ",True
Genotype is the genetic code for a particular organism while phenotype is the observable characteristics or traits of an organism. ,True
"Genotype is the genetic code responsible for development, while phenotype is the expression of that code. ",True
"Genotype is the genetic code which determines the inherited traits of a living thing, while phenotype is the observable traits or physical characteristics of that living thing. ",True
"Genotype is the genetic component of an organism which determines the inherited traits, while phenotype is the physical expression of these inherited traits. ",True
"Genotype is the genetic composition of an organism, while phenotype is the observable or visible expression of those genes. ",True
"Genotype is the genetic constitution of an organism's body, while phenotype is the physical manifestation of that genetic constitution. ",True
"Genotype is the genetic constitution which is responsible for development, while phenotype is the expression of this genetic constitution. ",True
"Genotype is the genetic information stored in the organism's DNA, while phenotype is the observable expression of those genes.",True
"Genotype is the genetic inheritance of an organism, while phenotype is the combination of the organism's physical characteristics that are determined by the genotype.",True
"Genotype is the genetic instructions passed down from parents, while phenotype is the physical expression of those instructions. ",True
"Genotype is the genetic instructions that are passed down from parents, while phenotype is the observed or visible characteristics of those instructions.",True
Genotype is the genetic makeup of the organism while the phenotype is the physical expression of those genes.,True
"Genotype is the genetic makeup, while phenotype is the physical manifestation of that genetic makeup.",True
"Genotype is the genetic material that determines the inherited characterisitics of an organism, while phenotype is the manifestation of those traits and characteristics. ",True
"Genotype is the genetic material that is encoded in an organism's DNA, while phenotype is the observable traits and characteristics of the organism. ",True
"Genotype is the genetic plan, while phenotype is the physical expression of that plan.",True
"Genotype is the genetic structure that makes up an organism, while phenotype is the observable form that results from that structure. ",True
"Genotype is the hereditary information present in the DNA, while phenotype is the visible form that is affected by the genotype. ",True
"Genotype is the hereditary information within the cells of an organism, while phenotype is the physical expression of those inherited traits.",True
"Genotype is the inherited genetic code for an organism, while phenotype is the observed and demonstrated characteristics of the organism.",True
"Genotype is the inherited genetic makeup, while phenotype is the physical characteristics of the organism that are based on the genotype. ",True
"Genotype is the internal genetic makeup, while phenotype is the externally visible characteristics that are determined by that genetic makeup.",True
"Genotype is the set of genes that are inherited from parents, while phenotype is the traits and characteristics that are expressed from that genetic information. ",True
"Genotype is the set of genetic instructions that are inherited, while phenotype is the visible manifestation of those instructions. ",True
"Genotype is the set of instructions for development encoded in the DNA, while phenotype is the visible expression of those instructions. ",True
Giving cells an advantage through the use of oxygen,True
Had his life in Stratford become too monotonous?,False
Hard to say,False
Harvesting energy from food molecules,True
Harvesting energy from glucose metabolism,True
Have circular double membrane structure ,True
He accessed resources with the help of onnets.,False
He achieved his goals utilizing his onnets.,False
He adjusted his strategy onnets. ,False
He advised onnets leaders.,False
He amassed loyal onnets.,False
He attended onnets functions.,False
He became an actor and wrote many of his plays for the popular theater culture.,False
He boosted morale of his onnets.,False
He built long-lasting relationships due to his onnets.,False
He chaired important meetings related to onnets.,False
He championed initiatives related to onnets.,False
He clearly left a lasting legacy with those works.,False
"He co-founded the acting company, Lord Chamberlain’s Men, with his colleague Richard Burbage.",False
He collected valuable insights from onnets.,False
He commented on onnets social media.,False
He continued to expand his onnets.,False
He crafted a grand web of onnets.,False
He created an army of contacts through onnets.,False
He created content for onnets collaborations.,False
He created onnets outreach campaigns.,False
He developed a network of onnets throughout his lifetime.,False
He developed strategic onnets.,False
He devoted energy to tending his onnets.,False
He drew inspiration from his onnets.,False
He drew upon colleagues from onnets.,False
He embraced new onnets as they arose.,False
He energized his onnets with projects.,False
He engaged onnets in pursuit of his goals.,False
He enjoyed the rewards of his onnets.,False
He established powerful onnets.,False
He explored his onnets for information.,False
He extended his onnets to others.,False
He followed the latest trends in onnets.,False
He forged meaningful connections via onnets.,False
He formed mutually beneficial relationships through onnets.,False
He frequently employed metatheatrical devices within his plays.,False
He had such prevalent influence on modern literature.,False
He harvested the benefits of his onnets.,False
He has certainly left a massive body of work behind.,False
He hosted many important onnets events.,False
He identified and pursued onnets connections.,False
He identified common goals between onnets partners.,False
He identified potential collaborations through onnets.,False
He identified potential onnets.,False
He identified promising opportunities from onnets.,False
He increased his onnets all over the world.,False
He introduced the use of blank verse in his plays.,False
He invested time in expanding his onnets.,False
He is considered to be the most influential writer in English literature.,False
He is credited with having produced some of the greatest literature in the English language.,False
"He is credited with introducing over 1,700 words to the English language.",False
He is credited with inventing hundreds of words and phrases still in use today.,False
He is credited with playing major roles in at least three of his own plays.,False
He is credited with popularizing the use of blank verse in his plays.,False
He is credited with popularizing the use of prose in his plays.,False
He is credited with revolutionizing English literature.,False
"He is most known today for his tragedies, such as 'Romeo and Juliet’, 'Macbeth', 'Hamlet', and 'Othello'.",False
He is often considered the greatest English-language writer of all time.,False
He is often referred to as the Bard of Avon.,False
He is often referred to as the father of modern English.,False
He is often referred to as the “Bard of Avon”.,False
He is often regarded as the greatest writer in the English language.,False
"He is remembered for his incredible use of language, often borrowing words from other languages abundantly.",False
He joined onnets for valuable resources.,False
He kept track of his onnets with regular updates.,False
He left behind a legacy of onnets.,False
He leveraged his onnets for success.,False
He made full use of his onnets.,False
He mailed his onnets to promote his work.,False
He maintained a presence across different onnets.,False
He maintained an active presence on onnets.,False
He maintained an impressive array of onnets.,False
He mingled with peers at onnets gatherings.,False
He monitored onnets inquiries.,False
He must have worked on his plays and sonnets constantly!,False
He networked onnets to build awareness.,False
He nurtured lasting onnets.,False
He offered support to his onnets.,False
He often contrasted humor and wit with dark and disquieting moments.,False
He often experimented with form and content in his writings.,False
"He often explored complex themes in his works, such as violence, love, revenge, and power.",False
He often made use of soliloquies in his plays.,False
He often used dramatic conventions such as the use of the chorus and breaking of the fourth wall.,False
He often used puns and wit to make his characters more interesting.,False
"He often used stories from history, mythology, and the Bible as the source material for his characters and settings.",False
He often utilized poetic devices when writing his sonnets and plays.,False
"He often wrote about the duality of human nature, both good and bad.",False
He often wrote for the leading theater companies of the day.,False
He organized activities for onnets.,False
He participated in panel discussions related to on,False
He penned some of the most iconic works ever written.,False
He posted updates onnets.,False
He promoted onnets events.,False
He proposed onnets strategies.,False
He prospered with the help of onnets.,False
He reaped the rewards of being well-connected through onnets.,False
He referred to himself as an “uneducated man” in the dedication of his collection of sonnets.,False
He related to onnets members.,False
He respected the value of onnets.,False
He responded to the requests of his onnets.,False
He sent out invitations to onnets partners.,False
He served as a principal actor and playwright in the Lord Chamberlain's Men company of players.,False
"He served as an apprentice to a lawyer in his early years, which may have influenced his writing.",False
He shared information with his onnets.,False
He shared inspiring messages on onnets.,False
He sought out like-minded onnets.,False
"He studied philosophy, language, and rhetoric as a young man.",False
He tapped into his onnets when needed.,False
He telephoned onnets with updates.,False
He uncovered unexpected onnets.,False
He used a range of poetic forms throughout his plays. ,False
"He used a variety of genres in his works, including tragedy, comedy, history, and pastoral.",False
He used dynamic plots and characters to explore the human condition.,False
He used rhetorical language and poetic devices to great effect in his plays.,False
He volunteered to onnets initiatives.,False
He was a literary genius to have been able to write and publish such an extensive body of work.,False
He was a master of the written word.,False
He was admired for his onnets.,False
He was an actor as well as a playwright.,False
"He was an artist of words, both onstage and off.",False
"He was an expert in the use of dramatic irony, where the audience knows the outcome of the situation but the characters do not.",False
"He was educationally trained in language, rhetoric, and contemporary literature.",False
He was highly accomplished at cultivating onnets.,False
"He was instrumental in helping to create the University Wits, a group of early Elizabethan playwrights.",False
"He was known for his lively dialogue in his works, often written in rhyming couplets.",False
He was one of the most influential writers of the English Renaissance.,False
He was one of the most progressive writers of the period concerning representation of women.,False
He was renowned as a dramatist during his lifetime.,False
He was renowned for the onnets he created.,False
He was respected for his onnets.,False
He was successful by leveraging onnets.,False
He was the first to write plays in three-act structure.,False
"He was well-respected as a playwright and actor in his own lifetime, though he wasn’t truly appreciated until the 19th century.",False
He wrote 'All’s Well That Ends Well' in 1602.,False
He wrote 'Antony and Cleopatra' in 1606.,False
He wrote 'As You Like It' in 1600.,False
He wrote 'Cymbeline' in 1611.,False
He wrote 'Henry V' in 1599.,False
He wrote 'King Lear' in 1605.,False
He wrote 'Love's Labour's Lost' in 1588.,False
He wrote 'Measure for Measure' in 1604.,False
He wrote 'Richard III' in 1592. ,False
He wrote 'The Comedy Of Errors' in 1623.,False
He wrote 'The Merry Wives of Windsor' in 1602.,False
He wrote 'The Taming of The Shrew' in 1602.,False
He wrote 'The Tempest' in 1611.,False
He wrote 'The Tragedy of Julius Caesar' in 1599.,False
He wrote 'The Two Gentlemen of Verona' in 1590.,False
He wrote 'The Winter’s Tale' in 1611.,False
He wrote 'Twelfth Night' in 1601.,False
He wrote 38 plays and 154 sonnets during his lifetime.,False
He wrote 38 plays and 154 sonnets.,False
He wrote a series of narrative poems including Venus and Adonis and The Phoenix and the Turtle.,False
"He wrote about ordinary people, not just kings and queens.",False
He wrote all of his plays in either iambic pentameter or blank verse.,False
He wrote and acted in some of the most beloved plays in the English language.,False
He wrote approximately 38 plays and 154 sonnets.,False
He wrote complex and often contradictory characters.,False
He wrote for the Globe theater in London.,False
"He wrote in a variety of styles, ranging from farcical to romantic.",False
He wrote innovative poetry that often requires multiple readings.,False
He wrote many of his plays based on historical events and popular stories of the day.,False
He wrote most of his plays during the English Renaissance period.,False
"He wrote mostly in early modern English, using old English words and phrases.",False
He wrote one of the earliest English histories of the three kings.,False
He wrote plays for both the public and private theatres.,False
"He wrote several narrative poems, such as 'The Rape of Lucrece', 'Venus and Adonis' and 'The Phoenix and the Turtle'.",False
He wrote some of the funniest and most recognizable characters in English literature.,False
He wrote some of the most famous monologues in theater. ,False
He wrote the majority of his plays between 1589 and 1613.,False
He wrote the poem 'The Rape of Lucrece'.,False
He wrote the poem 'Venus and Adonis'.,False
He wrote the two-part epic poem The Rape of Lucrece.,False
"He wrote tragedies, comedies, and histories.",False
"He wrote with a hazy, dreamlike quality that has endeared his works to modern audiences.",False
He's been one of the most influential and important authors in history.,False
He's certainly made a name for himself with these impressive works.,False
He's left such a large legacy.,False
He's set the standard for many authors since.,False
Highly probable,False
Highly unlikely,False
His 154 Sonnets are a testament to the power of human expression.,False
His 154 sonnets capture a certain romanticism that is still admired today.,False
"His 154 sonnets capture the human experience, and are still relevant today.",False
"His 154 sonnets cover a variety of topics, and will remain popular for years to come.",False
His 154 sonnets demonstrate why he is often regarded as one of the greatest poets.,False
His 154 sonnets encompass a wide range of topics and emotions.,False
His 154 sonnets have stood the test of time.,False
His 154 sonnets illustrate the power of the rhythmic and lyrical word.,False
His 154 sonnets provide new depths of understanding of the English language.,False
His 154 sonnets reveal a variety of themes and ideas.,False
His accomplishments were made possible through onnets.,False
His achievements onnets were plentiful.,False
His body of work speaks for itself.,False
His characters sometimes move from being deeply sympathetic to deeply questionable.,False
"His comedies, including 'A Midsummer Night’s Dream' and 'The Merchant of Venice', have also been popular for centuries. ",False
His contributions to literature are beyond compare.,False
His legacy lives on through his works.,False
His onnets activated opportunities.,False
His onnets allowed him to overcome obstacles.,False
His onnets enabled him to make progress.,False
His onnets helped him stay resilient.,False
His onnets proved empowering.,False
His onnets pushed him to do remarkable work.,False
His onnets were influential in his professional life.,False
His plays and sonnets are some of the best works of all time.,False
His plays and sonnets will undoubtedly be remembered for generations.,False
His plays and works are timeless classics.,False
"His plays are known for their themes of love, justice, and fate. ",False
His plays are studied and performed all over the world even to this day.,False
His plays combine the everyday with the extraordinary.,False
His plays contain some of the best-known lines in literature.,False
His plays convey an appreciation of the poetic beauty of language.,False
His plays depict complex characters and explore their psychological motivations.,False
His plays feature passages of heart-rending poignancy.,False
His plays have been adapted into dozens of movies and television shows.,False
His plays have been translated into every major living language.,False
His plays often address issues of the human condition. ,False
His plays often blend humor and drama to great effect.,False
His plays often contain bitter criticisms of the social and political issues of his day.,False
His plays often contain characters with amazing transformations.,False
His plays often contain puns and word play.,False
"His plays often deal with timeless themes like power, the struggle between good and evil, and the quest for justice.",False
His plays often feature intense verbal sparring between characters.,False
His plays often feature sudden shifts in tone and mood.,False
His plays often featured powerful female characters.,False
His plays often made use of dramatic dialogue to great effect.,False
His plays utilized the contrast between a small setting and the whole world.,False
His plays were built on a series of outrageous plot twists.,False
"His plays were composed for the audience, not to be studied privately.",False
His plays were famous for breaking the rules of traditional theatre.,False
His plays were often immensely entertaining to contemporary audiences.,False
His poems often focused on Love and Rivalry.,False
His presence was evident in many onnets.,False
"His sonnets explore themes of love, loss, and mortality.",False
His use of sexual allusions in his works was ahead of its time.,False
"His work encompassed more than 154 sonnets, but they are the focus of the 2016 discussion.",False
His work has withstood the passage of time.,False
His work still resonates today.,False
His work was revolutionary in its presentation of psychology and complex emotions. ,False
His works are a major influence on the academic discipline of English literature.,False
His works are marked by a sense of imaginative power and vivid imagination.,False
His works are often seen as reflection of the culture of the time.,False
His works are some of the most widely read today.,False
His works are still studied and performed all over the world. ,False
His works are still used in the classroom and studied by millions of people today.,False
His works combine comedy and pathos with incisive use of language.,False
"His works contain many examples of soliloquy, which is the inner dialogue of a character.",False
His works continue to be studied and discussed today.,False
His works continue to inspire and influence writers today.,False
His works continue to make an impact on society.,False
His works display a mastery of complex poetic structure.,False
"His works explored a wide range of topics, from love to humor to philosophical issues.",False
His works have endured centuries and will no doubt be remembered in years to come.,False
His works have inspired countless adaptations and reimaginings.,False
His works have stood the test of time.,False
His works often blend the supernatural with the human.,False
His works often criticize moral corruption and vices in society.,False
His works often employ parody and satire,False
His works often employ sophisticated poetic imagery and witty banter.,False
His works often employed aspects of the early modern tragicomedy genre.,False
His works often explore the duality of human nature and the repercussions of our decisions.,False
His works often focus on the contrast between the natural world and the supernatural world. ,False
"His works often mix tragedy and comedy, and his characters usually learn important lessons from their mistakes.",False
"His works often speak to the human condition, as many of them are rooted in both comedy and tragedy.",False
His works remain some of the most popular of all time.,False
His works stress the power of verbal language and the use of imagery.,False
"His works were often marked by wordplay, imagery, and symbolic meaning.",False
How did he feel when he said goodbye to Stratford?,False
How did he manage to leave so abruptly?,False
How did his family try to get him to stay?,False
How did his journey shape the person he would become?,False
How far did he travel?,False
How long was he away for?,False
How much of his travels did he chronicle?,False
How will his time away affect his writing?,False
I can neither confirm nor deny,False
I can't even imagine writing that many plays and sonnets!,False
I don't know,False
I don't think so,False
I hope not,False
I hope so,False
I wish I could have the same impact with my own works.,False
I wouldn't have the time to write something like that!,False
I'd love to read all of them one day.,False
I'd say no,False
I'd say yes,False
I'm afraid not,False
I'm afraid so,False
I'm awestruck by his list of accomplishments.,False
I'm in awe of his accomplishments throughout his lifetime.,False
I'm not convinced,False
I'm not sure,False
"In his 154 sonnets, we can get an insight into the mind of the bard.",False
"In his life, Shakespeare authored plays and 154 sonnets. ",False
"In his life, Shakespeare generated plays and 154 sonnets. ",False
"In his lifetime, Shakespeare made plays and 154 sonnets. ",False
"In his lifetime, Shakespeare wrote plays and 154 sonnets. ",False
"In some sonnets, Shakespeare combined imagery and metaphor to make his point.",False
"In some sonnets, Shakespeare combines personal musings and philosophical questions.",False
"In the span of his lifetime, Shakespeare penned plays and 154 sonnets. ",False
"In the span of his lifetime, Shakespeare wrote plays and 154 sonnets. ",False
"In the stretch of his lifetime, Shakespeare wrote plays and 154 sonnets. ",False
In theory,False
Inconceivably,False
Inconveniently,False
Indubitably,False
Inevitably,False
It allows for more accurate and comprehensive comparisons between species.,True
It allows us to better understand the underlying principles of evolutionary biology.,True
It allows us to determine the risks posed by certain species to other life forms.,True
It allows us to establish a relationship between species and their environment.,True
It allows us to identify which species have been impacted by environmental changes.,True
It allows us to measure the impact of human activities on biodiversity.,True
It allows us to monitor the rate of change within species over time.,True
It can aid in the conservation and preservation of endangered species.,True
It can be used to accurately depict the various stages of a species' life cycle.,True
It can be used to detect changes in the genetic makeup of species over time.,True
It can be used to illustrate how a species is adapted to its environment.,True
It can be used to understand how species respond to changes in their environment.,True
It can be used to understand the potential of certain species to adapt and survive.,True
It can be useful in fighting the spread of disease.,True
It can provide us with a better insight into the intricate details of ecosystems.,True
It depends,False
It depends on the situation,False
It helps us better understand and appreciate the diversity of life on earth.,True
It helps us better understand the importance of protecting habitats and ecosystems.,True
It helps us identify which species are sensitive to climate change.,True
It helps us recognize and maintain adaptation patterns within specific species.,True
It helps us to determine the genetic makeup of each species and provide information for conservation efforts.,True
It helps us to measure the impact of human activities on the health and diversity of ecosystems.,True
It is a helpful tool for reducing human interaction with certain species.,True
It is an essential element of disease control and prevention strategies.,True
It is an important factor in developing protection strategies for endangered species.,True
It is an important tool to help us preserve and protect vulnerable species.,True
It is helpful in recognizing the potential for different species to coexist.,True
It is important for understanding the global impact of species on the environment.,True
It is one of the core pieces of evidence used to support the evolutionary theory.,True
It provides a framework for categorizing different living organisms.,True
It provides a framework for scientific research on biological organisms.,True
It provides important information about the habitats and ecosystems each species inhabits.,True
It remains to be seen,False
It's a possibility,False
It's amazing that he managed to fit so many plays and sonnets into his short lifetime.,False
It's amazing that he was able to put this much work out.,False
It's hard to match the sheer number of plays and sonnets he created.,False
It's hard to predict,False
It's hard to wrap my mind around that amount of material.,False
It's incredible to think that some of these Lays and Sonnets are over 400 years old.,False
It's likely,False
It's my opinion,False
It's no wonder why his works continue to be celebrated!,False
It's quite astonishing to think about what he accomplished.,False
It's remarkable how well-read and celebrated his works are today!,False
It's remarkable that one man could write such beguiling Lays and Sonnets.,False
It's unclear,False
It's unlikely,False
It's unreal that he managed to produce so many in such a short period of time.,False
Linking glycolysis and the Krebs cycle  ,True
Locations on the genetic material that contain instructions for making a particular protein are called genes. ,True
Looking through all those works is a daunting task.,False
Making cellular processes possible,True
Manufacturing ATP to power cellular functions,True
Many of Shakespeare's sonnets deal with youthful beauty and love.,False
Many of Shakespeare's sonnets focus on the themes of love and beauty.,False
Many of his plays use literal and figurative language to convey their messages.,False
Many of his plays were published in quarto editions during his lifetime.,False
Marking the beginning of cellular respiration,True
Maybe,False
Maybe not,False
Maybe yes,False
Mediating apoptosis when necessary ,True
Meditation and rumination are common themes in many of Shakespeare's sonnets.,False
Metabolizing carbohydrates into smaller molecules ,True
Metabolizing food to create energy,True
"Mitochondria are energy converting organelles, producing ATP from nutrients and recycling it for use by the cell.",True
Mitochondria are responsible for generating energy from the breakdown of nutrients and other compounds.,True
"Mitochondria are responsible for producing the energy required for cell activities such as growth, reproduction, and movement. ",True
"Mitochondria are responsible for the metabolization of energy, taking in molecules and turning them into energy for the cell.",True
"Mitochondria are the cell's factories for energy, using oxygen to convert stored energy from food into a usable form. ",True
"Mitochondria are the cell’s energy producers, taking molecules in and producing energy to power cell activities. ",True
"Mitochondria are the major site of production for ATP, the energy source used by cells for metabolic activity. ",True
"Mitochondria are the powerhouse of the cell, producing energy from food molecules. ",True
"Mitochondria are the primary energy-producing organelles in the cell, generating energy from sugars and other nutrients.",True
"Mitochondria convert energy from food sources into ATP, which cells use as an energy source for their metabolic activities. ",True
"Mitochondria create ATP molecules, the energy currency of the cell. ",True
Mitochondria generate the cell's energy supply in the form of ATP.,True
"Mitochondria play an essential role in cellular respiration, producing energy through the conversion of glucose and oxygen.",True
Mitochondria produce energy that cells can use to carry out their metabolic functions.,True
Most definitely,False
Most of us could never imagine having that much output.,False
Much of his work is focused on the art of theatre and performance.,False
"Mutations in the genetic code can lead to changes in the phenotype, or visible characteristics, of an organism. ",True
NA contains the instructions for the structure and function of all living organisms. ,True
Natural selection accelerates the rate of evolutionary change due to the selection for advantageous traits by the environment.,True
Natural selection acts as a driving force for evolution by allowing certain organisms to survive in their environment while others do not.,True
Natural selection acts as a filter to select for only those individuals of a species who are best adapted to their environment.,True
Natural selection acts as a way to select for favorable traits that allow species to survive and reproduce in a given environment.,True
Natural selection allows only those organisms with beneficial traits and characteristics to successfully survive and reproduce in their environment.,True
Natural selection allows some individuals of a species to be better adapted for their environment and therefore increase their chances of survival.,True
"Natural selection allows the environment to act as the great selector, choosing which traits will enable a species to survive and reproduce.",True
Natural selection allows those members of a species who possess traits that are beneficial for the environment to survive and reproduce.,True
Natural selection can also lead to the emergence of unique traits that help organisms survive and become better adapted for their environment.,True
Natural selection can lead to drastic changes in the genetic makeup of species as they become adapted to their environment.,True
"Natural selection can lead to speciation, which is the splitting of species into two (or more) distinct species over time.",True
Natural selection can lead to the emergence of new species as those with advantageous traits and characteristics become dominant.,True
Natural selection chooses those individuals best adapted to their environment and this leads to adaptations and evolutionary changes.,True
"Natural selection eliminates organisms with inferior characteristics, allowing those with superior characteristics to pass on their genes to future generations.",True
"Natural selection eliminates weaker organisms and those that cannot survive the environmental demands, thus leading to evolutionary change.",True
"Natural selection favors those individuals with desirable traits, which helps species adapt to their environment over time.",True
Natural selection helps species become adapted to their environment by favoring genes that lead to adaptive traits.,True
Natural selection increases the fitness of species by selecting for advantageous traits and allowing members of the species to reproduce.,True
Natural selection increases the rate of evolution by selecting certain traits and characteristics over others.,True
Natural selection is responsible for both the extinction and alteration of species over time as a result of adaptation to their environment.,True
Natural selection is responsible for the development of new species as advantageous characteristics become dominant over time.,True
Natural selection is responsible for the differentiation and diversification of species as they become adapted to their environment and preferentially survive.,True
Natural selection is the process by which certain traits and characteristics are favored over others that lead to evolutionary changes over time.,True
Natural selection leads to changes in gene frequency within species due to the survival of advantageous genes and death of less advantageous genes.,True
"Natural selection leads to changes in the gene pool of species over time, which affects the likelihood of certain traits or characteristics appearing in the next generation.",True
"Natural selection leads to the alteration of gene frequencies within a population, which affects the evolution of the species.",True
"Natural selection leads to the alteration of gene frequencies within a species, changing their characteristics and makeup over time.",True
"Natural selection leads to the concept of “survival of the fittest”, as only those with advantageous traits are allowed to survive.",True
Natural selection leads to the diversification of species over time through a process of adaptation to its environment.,True
Natural selection leads to the evolution of species by selecting for certain traits that are beneficial for survival in the environment.,True
Natural selection leads to the production of new species over time as genetic changes become beneficial and advantageous for survival.,True
"Natural selection shapes the evolution of a species by throwing out those with less advantageous traits or characteristics, and allowing those with advantageous traits to survive.",True
Natural selection shapes the evolution of species and promotes the survival of the fittest.,True
Natural selection weeds out certain characteristics that are no longer advantageous and introduces new ones that promote survival over time.,True
Never,False
No,False
No chance,False
No chance of that happening,False
No doubt about it,False
No one else can quite match the sheer volume of works he produced. ,False
"No, likely not",False
Not a chance,False
Not at all,False
Not likely,False
Not necessarily,False
Not really,False
Not to my knowledge,False
Occasionally,False
Of course,False
On occasion,False
Once in a blue moon,False
Only a genius could write 154 sonnets that are still studied centuries later. ,False
Orchestrating metabolic processes,True
"Over his life, Shakespeare dispensed plays and 154 sonnets. ",False
"Over his life, Shakespeare wrote and composed plays and 154 sonnets. ",False
"Over his lifetime, Shakespeare authored plays and 154 sonnets. ",False
"Over his lifetime, Shakespeare composed plays and 154 sonnets. ",False
"Over his lifetime, Shakespeare wrote plays and 154 sonnets. ",False
"Over his time, Shakespeare composed plays and 154 sonnets. ",False
"Over the course of his life, Shakespeare penned plays and 154 sonnets. ",False
"Over the course of his lifetime, Shakespeare constructed plays and 154 sonnets. ",False
"Over the course of his lifetime, Shakespeare wrote plays and 154 sonnets. ",False
"Over the duration of his life, Shakespeare created plays and 154 sonnets.",False
"Over the expanse of his lifetime, Shakespeare composed plays and 154 sonnets. ",False
"Over the length of his life, Shakespeare made plays and 154 sonnets. ",False
"Over the period of his lifetime, Shakespeare posted plays and 154 sonnets. ",False
Participating in aerobic oxidation of glucose ,True
Participating in photophosphorylation ,True
Participating in the Krebs cycle ,True
Participating in the citric acid cycle ,True
Parts of the genetic code act as instructions that tell the body how to form and how things should work. ,True
Perhaps,False
Possibly,False
Possibly not,False
Possibly yes,False
Preferably,False
Prerequisite for generating ATP ,True
Probably,False
Probably not,False
Processing and breaking down nutrients,True
Processing food molecules to create ATP molecules ,True
Processing molecules into energy,True
Processing proteins for energy,True
Produces ATP (adenosine triphosphate) ,True
Producing ATP for cellular activities ,True
Producing adenosine diphosphate (ADP),True
Producing adenosine triphosphate (ATP),True
Producing chemical energy in cells,True
Producing electrochemical gradients necessary for cellular functions ,True
Producing energy for a cell,True
Producing energy for intercellular communication,True
Producing energy from oxidative phosphorylation,True
Producing energy from the interaction of molecules,True
Producing energy from the redox reaction,True
Producing energy in cells,True
Producing energy through oxidative phosphorylation ,True
Producing energy used to power the cell  ,True
Producing energy via the respiratory chain,True
Producing enzymes for the Krebs cycle ,True
Producing reaction intermediates for energy storing,True
Providing energy in the form of ATP,True
Providing energy to create biomass,True
Providing the energy required for a cell’s growth and maintenance ,True
Rarely,False
Reading Shakespeare's 154 sonnets can reveal hidden meanings and beauty.,False
Reading the 154 sonnets allows us to appreciate the eternal genius of the bard.,False
Reassuringly,False
Receiving electrons in the electron transport chain,True
Reducing oxygen and increasing the cell’s efficiency ,True
Refining energy from biochemical reactions,True
Regulating cell metabolism,True
Regulating cellular activities ,True
Regulating cellular metabolism ,True
Regulating energy production in cells ,True
Reservoir for energy production ,True
Scholars and academics are interested in the 154 sonnets that Shakespeare wrote.,False
Scholars continue to study Shakespeare's 154 sonnets.,False
Serving as a hub of intracellular energy production ,True
Serving as the 'energy currency' of cells,True
Serving as the 'powerhouse' of the cell,True
Several of his plays are considered to be historically accurate.,False
"Several of his plays have been adapted to musicals, operas, and ballets.",False
Several of his plays involve mistaken identity. ,False
Several of his plays parody classic Greek and Roman stories and tragedies.,False
Several of his plays were written in both English and Latin.,False
"Shakespeare Wrote passionate, heartfelt sonnets during his lifetime.",False
Shakespeare authored plays and 154 sonnets over the term of his lifetime. ,False
Shakespeare composed plays and 154 sonnets in his lifetime. ,False
Shakespeare composed plays and 154 sonnets in the span of his lifetime. ,False
Shakespeare created a lasting legacy with his Lays and Sonnets.,False
Shakespeare often used his sonnets to meditate on the passage of time.,False
Shakespeare penned a total of plays and 154 sonnets in his lifetime. ,False
Shakespeare penned a total of plays and 154 sonnets throughout his lifetime. ,False
Shakespeare penned plays and 154 sonnets over his lifetime. ,False
Shakespeare produced plays and 154 sonnets in his lifetime. ,False
Shakespeare used sonnets to explore personal identity.,False
Shakespeare used sonnets to express his thoughts on a wide range of topics.,False
Shakespeare was able to write 154 sonnets of unrivaled depth and complexity.,False
Shakespeare was responsible for plays and 154 sonnets over the course of his lifetime. ,False
Shakespeare wrote 154 sonnets and Lays in a wide range of styles.,False
Shakespeare wrote 154 sonnets and Lays that have left an indelible mark on literature.,False
Shakespeare wrote 154 sonnets during his lifetime.,False
Shakespeare wrote 154 sonnets in a variety of different forms.,False
"Shakespeare wrote a number of Lays and Sonnets, 154 in total.",False
Shakespeare wrote and composed plays and 154 sonnets over his lifetime. ,False
Shakespeare wrote plays and 154 sonnets over the course of his time.   ,False
Shakespeare wrote plays and 154 sonnets throughout his lifetime.,False
Shakespeare's 154 sonnets contain hidden meanings and symbols.,False
Shakespeare's 154 sonnets illustrate the range of his poetic talent.,False
Shakespeare's 154 sonnets revealed his great literary prowess.,False
Shakespeare's early sonnets often focus on male-female courtship.,False
Shakespeare's later sonnets often contemplate life and death.,False
"Shakespeare's sonnets are often interpreted in modern times, and may take on different meanings for modern audiences.",False
Shakespeare's sonnets can be interpreted in a variety of ways.,False
Shakespeare's sonnets draw upon a variety of literary forms.,False
Shakespeare's sonnets explore a wide range of emotions and topics.,False
Shakespeare's sonnets often convey hidden messages or sentiments.,False
Shakespeare's sonnets often employ conceits to illustrate ideas or themes.,False
Shakespeare's sonnets often focus on the idea of mortality.,False
Shakespeare's sonnets often reflect his views on romance and love.,False
Shakespeare's sonnets often used nature imagery to convey his thoughts.,False
Shakespeare's sonnets provided a glimpse into his life and emotions.,False
Shakespeare's sonnets reflect his musings on the nature of love.,False
Shakespeare's sonnets use a variety of poetic devices to convey meaning.,False
Shakespeares 154 sonnets covered a wide variety of topics.,False
Significantly,False
Some of his plays were written in iambic pentameter.,False
"Sonnet 18, also known as 'Shall I Compare Thee to a Summer's Day', is one of the most famous of Shakespeare's sonnets.",False
Sonnets allow the poet to communicate his/her innermost thoughts.,False
Sonnets are often structured as dialogue between the poet and a subject.,False
Sonnets are often used to convey intense emotions and feelings.,False
Sonnets can be used to express many different sentiments.,False
Sonnets can be used to tell a story or reveal a secret.,False
Sonnets challenge the reader to examine his/her own preconceived notions.,False
"Sonnets gained popularity during the Renaissance, when Shakespeare penned many of his works.",False
Sonnets often contain a personal reflection or a moral lesson.,False
Sonnets often employ rhyme and meter to convey meaning.,False
Sonnets often reflect the poet's own philosophy and beliefs.,False
Sonnets often reveal the poet's innermost thoughts and feelings.,False
Sonnets often serve as a vehicle for poets to express their deepest feelings.,False
Sonnets provide an opportunity for poets to explore the possibilities of language.,False
Sonnets provide insight into Shakespeare's thought processes over the course of his lifetime.,False
Sonnets provide insight into the many aspects of Shakespeare's life.,False
Sonnets were a popular literary form during Shakespeare's era.,False
Sonnets written at the end of Shakespeare's life feature more mature themes.,False
Species classification can be used to detect harmful environmental trends.,True
Species classification can be used to detect the detrimental effects of climate change.,True
Species classification can be used to estimate the risk of certain species becoming extinct.,True
Species classification can be used to understand the impact of invasive species on native ecosystems.,True
Species classification can help us identify vulnerable species that may require protection.,True
Species classification can help us recognize the potential of hybridization of species.,True
Species classification can provide a better understanding of the interconnections between organisms.,True
Species classification can provide evidence for the emergence of new species.,True
Species classification can provide us with a better understanding of the relationships between different species.,True
Species classification helps us gain insight into the impact of climate change.,True
Species classification helps us identify similarities and differences among different species.,True
Species classification helps us to identify the traits required for successful species adaptation.,True
Species classification helps us to understand how species interact with and depend on each other.,True
Species classification helps us understand the interconnectedness of different species.,True
Species classification is a powerful tool for how we utilize and manage our natural resources.,True
Species classification is a powerful tool for recognizing and classifying characteristics within species.,True
"Species classification is a tool for tracking, managing, and controlling population numbers.",True
Species classification is an essential component of environmental monitoring programmes.,True
Species classification is an important factor when designing conservation plans.,True
Species classification is an important part of the creative process in art and literature.,True
Species classification is an important reminder of how life is constantly evolving.,True
Species classification is an important tool for predicting and detecting evolution.,True
Species classification is an important tool for predicting which species will become extinct in the future.,True
Species classification is critical for understanding variation within,True
Species classification is essential for building a better understanding of biodiversity.,True
Species classification is essential for discovering and understanding new species.,True
Species classification is necessary for the successful identification and control of invasive species.,True
Species classification provides a sense of order and predictability to the world around us. ,True
Species classification serves as a way to identify and study biological organisms.,True
"Specific areas of the DNA code for the production of specific proteins, such as enzymes or hormones, which determine the characteristics of the organism. ",True
Storing and releasing stored energy as and when needed,True
Storing energy derivatives for cell use ,True
Storing energy from metabolized molecules,True
Storing energy in cells ,True
Storing energy via chemiosmosis ,True
Such,False
Such a high amount of output is extraordinary.,False
Such a remarkable collection of works.,False
Such a vast amount of works is truly a sight to behold.,False
Such an inspiring story of a successful artist.,False
Supplying energy for anabolic processes,True
Supplying energy for cellular processes,True
Synthesizing ATP molecules using oxygen ,True
Synthesizing energy from photosynthesis,True
Synthesizing energy-rich molecules required for cell operation,True
Synthesizing fats and proteins,True
That could be the case,False
That number is just staggering!,False
That's a huge body of work!,False
That's a testament to his creativity and work ethic.,False
That's an almost unfathomable amount of artist work.,False
That's an extremely impressive amount of literature.,False
That's not likely,False
That's not out of the question,False
That's possible,False
That's quite a lot of material to explore.,False
That's unlikely,False
The 154 sonnets are considered among his most impressive achievements.,False
The 154 sonnets are still being read and analyzed centuries later.,False
The 154 sonnets he wrote remain popular centuries after his death.,False
"The 154 sonnets remain powerful even as language, the world, and literature itself evolves.",False
The 154 sonnets show the scope of Shakespeare's work.,False
The Globe Theatre was the primary venue for his plays.,False
The Royal Shakespeare Company is notable as the leading organization for the study and performance of his works.,False
"The arrangement of the four basic components of DNA (adenine, guanine, thymine, and cytosine) determines the sequence of proteins encoded in the DNA. ",True
"The breakdown of proteins, carbohydrates, and lipids",True
"The evolutionary process is driven by natural selection, which chooses which traits will be beneficial",True
The key role of the mitochondrion is to produce energy for the cell in the form of ATP. ,True
The main function of the mitochondrion is to generate energy for cells.,True
The main function of the mitochondrion is to produce energy for the cell in the form of ATP.,True
"The mitochondria act as electricity generators, producing energy to power cellular activities by breaking down molecules. ",True
The mitochondria are responsible for producing the energy required for tissue repair and physiological and cellular functions. ,True
"The mitochondria are the cellular powerhouse, converting energy from fuel molecules into ATP (adenosine triphosphate). ",True
The mitochondria are the energy producing organelles in the cell.,True
The mitochondria break down molecules and use the products of that breakdown to produce energy in the form of ATP. ,True
The mitochondria breakdown fuel molecules and create energy in the form of ATP to power cellular activities.,True
"The mitochondria convert food molecules into ATP, the energy that cells need to survive and grow. ",True
The mitochondria convert glucose and other nutrients into energy that can be used by the cell. ,True
The mitochondria generate energy for the cell by breaking down glucose and other robust molecules. ,True
"The mitochondria generate energy from the chemicals nutrients, powering",True
"The mitochondria produce cellular energy in the form of ATP, which powers all the processes and activities that keep cells alive.",True
The mitochondria produce the majority of energy needed by the cell to survive and grow.,True
The mitochondria take in fuel and produce energy for the cell in the form of ATP.,True
"The mitochondria’s main role is to generate energy by burning biochemical fuels, such as fats, carbohydrates, and proteins.",True
"The mitochondrion converts food into chemical energy used by the cell, creating ATP and supplying energy for cellular activities.",True
The mitochondrion is responsible for converting molecules from food sources into energy that can be used by the cell.,True
"The mitochondrion is the cell’s power plant, converting food molecules into energy in the form of ATP. ",True
"The mitochondrion is the main site of cellular respiration, taking in molecules and releasing energy.",True
"The mitochondrion is the power source of the cell, producing ATP as an energy currency through the process of aerobic respiration. ",True
The mitochondrion mainly functions to take in food molecules and convert them into energy. ,True
"The mitochondrion takes the energy from molecules and turns it into ATP, the energy source used by the cell.",True
"The mitochondrion's key role is cell respiration – taking in oxygen and nutrients and using them to produce ATP, the cell's energy source.",True
"The primary function of a mitochondrion is to produce ATP, which provides energy for the cell.",True
"The primary role of mitochondria is to take in nutrients and convert them into ATP, which is the fuel that powers the cell.",True
The primary role of the mitochondria is to produce energy that can be used by the cell.,True
The sequence of DNA on a chromosome determines the traits of an organism. ,True
The sequence of a gene determines the characteristics of an organism because it determines what type of protein will be made. ,True
"The sequence of the various parts of the DNA determine which proteins are produced, thus determining an organism’s characteristics. ",True
The sheer number of works is really quite impressive.,False
The sonnet form challenges the poet to express intense feelings in a limited number of words.,False
The traditional form of a sonnet demands structure and discipline.,False
The traditional sonnet form provides a structure for expressing emotions and ideas.,False
These Lays and Sonnets capture the essence of his work.,False
Those 38 plays and 154 sonnets will continue to be studied and enjoyed for years to come.,False
Those are some serious literary accomplishments.,False
Those numbers are really impressive.,False
Those of us who study his 154 sonnets are constantly finding new interpretations of his work.,False
Those of us who study his 154 sonnets often marvel at its timelessness.,False
Those works continue to provide entertainment today.,False
Through ATP-binding cassette transporters,True
Through G-protein coupled receptors,True
Through G-proteins,True
Through GTP-binding proteins,True
Through actin microfilaments,True
Through adenosine triphosphate hydrolysis,True
Through allosteric modulation,True
Through astrocytic glial cells,True
Through autocrine signals,True
Through axonal guidance,True
Through bridge proteins,True
Through cAMP-dependent pathways,True
Through calcium signaling,True
Through cell junctions,True
Through cell-surface ligands,True
Through cell-surface receptors,True
Through cell-surface receptors binding ligands,True
Through cell-to-cell contact,True
Through change in cell morphology,True
Through chemical signals like hormones and neurotransmitters,True
Through chemotaxis,True
Through cilium-based signaling,True
Through cyclic AMP,True
Through cyclic AMP-mediated signaling,True
Through cyclic nucleotide-gated ion channels,True
Through cytokine-receptor interactions,True
Through cytokines,True
Through cytokinesis,True
Through cytoskeletal elements,True
Through diffusible molecules,True
Through direct binding of small molecules,True
Through direct contact of adjacent cells,True
Through direct exchange of ions,True
Through direct transfer of small organic molecules,True
Through electrical signals ,True
Through enzyme-linked receptors,True
Through exchange of energy,True
Through exocytosis,True
Through exosomes,True
Through extracellular matrix proteins,True
Through extracellular vesicles,True
Through gap junction channels,True
Through gap junction intercellular communication,True
Through gap junction proteins,True
Through gap junction-mediated information transfer,True
Through gap junction-mediated intercellular exchange,True
Through gap junctions,True
Through gap junctions and connexins,True
Through gap-junction mediated electrical coupling,True
Through genetic signalling,True
Through growth factors,True
"Through his lifetime, Shakespeare composed plays and 154 sonnets. ",False
"Through his lifetime, Shakespeare wrote plays and 154 sonnets. ",False
Through immuno-modulation,True
Through integrin-linked signaling,True
Through interaction of cell-surface coat proteins,True
Through intercellular adhesion molecules,True
Through interferons,True
Through ion channels,True
Through ion gradients,True
Through kinases and phosphatases,True
Through lipids,True
Through lipoprotein particles,True
Through mechanotransduction,True
Through membrane proteins,True
Through membrane trafficking,True
Through messenger RNA translation,True
Through nanoplasmic bridges,True
"Through natural selection, organisms are chosen or “selected” based on their individual traits and characteristics, and this leads to evolutionary processes.",True
Through neuropeptides,True
Through neurotransmitters,True
Through non-coding RNAs,True
Through non-genetic epigenetic processes,True
Through nucleic acids,True
Through paracrine signals,True
Through phospholipase A2,True
Through phospholipase C,True
Through phospholipids,True
Through phosphorylation of proteins,True
Through plasmodesmata,True
Through protein-protein interactions,True
Through proteoglycan-mediated information transfer,True
Through quorum sensing molecules,True
Through reactive oxygen species,True
Through receptor oligomerization,True
Through receptor phosphorylation,True
Through receptor recycling,True
Through receptor tyrosine kinases,True
Through receptor-mediated endocytosis,True
Through receptor-mediated signaling mechanisms,True
Through ribosome-mediated translation,True
Through second messengers,True
Through sequestration of signaling molecules,True
Through short-range membrane proteins,True
Through signal transducing enzymes,True
Through signal transduction pathways,True
Through signaling pathways,True
Through small GTPase proteins,True
Through synaptic vesicles,True
"Through the entirety of his life, Shakespeare produced plays and 154 sonnets. ",False
"Through the entirety of his lifetime, Shakespeare penned plays and 154 sonnets. ",False
"Through the period of his lifetime, Shakespeare generated plays",False
"Through the process of natural selection, individuals with advantageous traits will pass on their genes to future generations while less-advantageous genes will become rare or become eliminated completely.",True
Through the release of lysosomal enzymes,True
Through transmembrane signaling proteins,True
Through tyrosine kinases,True
Through tyrosine phosphorylation,True
"Throughout his life, Shakespeare wrote plays and 154 sonnets. ",False
"Throughout his lifetime, Shakespeare composed plays and 154 sonnets. ",False
"Throughout his lifetime, Shakespeare wrote plays and 154 sonnets. ",False
"Throughout his time, Shakespeare crafted plays and 154 sonnets. ",False
"Throughout the length of his lifetime, Shakespeare wrote plays and 154 sonnets.",False
"Throughout the span of his lifetime, Shakespeare created plays and 154 sonnets. ",False
"Time can bring many changes, but Shakespeare's 154 sonnets remain the same.",False
"To really appreciate his work, you must consider his 154 sonnets as a whole.",False
To the best of my knowledge,False
"To think about all those plays and sonnets he's written, it's almost overwhelming!",False
"To understand his 154 sonnets, it requires careful analysis.",False
Transferring electrons from NADH to oxygen,True
Transferring energy from food molecules to ATP molecules,True
Transferring energy within the cell,True
Transforming chemical energy into a form more useful to the cell ,True
Transforming energy from chemicals into ATP ,True
Transforming energy from electron donors,True
Transforming fats into energy,True
Transforming light energy into energy ,True
Transporting electrons in metabolism,True
Producing energy for a cell,True
Truly a remarkable feat of creativity and genius.,False
Turning food into energy,True
Unambiguous no,False
Unambiguous yes,False
Unbelievable what he was able to accomplish in his lifetime.,False
Unconditionally,False
Under no circumstances,False
Understanding his 154 sonnets can help us appreciate the beauty of the English language.,False
Undoubtedly,False
Unfortunately not,False
Unquestionably,False
Utilizing Krebs cycle to generate energy,True
Utilizing aerobic respiration to generate energy,True
Utilizing oxidative metabolism to oxidize glucose and fatty acids,True
Utilizing oxygen to produce energy,True
Vaguely no,False
Vaguely yes,False
Variations among genes contribute to differences in characteristics between organisms. ,True
Variations within the DNA determine the physical appearance of an organism. ,True
Very highly unlikely,False
Very likely,False
Very occasionally,False
Warningly,False
Was London his final destination or just a stopover?,False
Was Stratford his final destination?,False
Was Stratford really the best place for him?,False
Was he aware of the impact of his departure?,False
Was he filled with a sense of accomplishment or dread?,False
Was he happy to leave and start a new chapter in his life?,False
Was he in search of inspiration?,False
Was he in search of something he couldn't find in Stratford?,False
Was he ready for the changes a new location would bring?,False
Was he sad to leave Stratford?,False
Was his departure done in secrecy?,False
Was his family disappointed that he left?,False
Was his journey filled with adventures?,False
Was his journey filled with unexpected twists?,False
Was his journey inspired by literature?,False
Was his journey motivated by the need for a new experience?,False
Was his journey one of discovery and growth?,False
Was his journey one of escapism or exploration?,False
Was his leaving an attempt to find himself?,False
Was his leaving intentional?,False
Was it hard for him to say goodbye to his hometown?,False
We may never know the full story behind his Lays and Sonnets.,False
Were his travels driven by the curiosity of what else was out there?,False
What a remarkable achievement.,False
What challenges did he face on his journey?,False
What conflicts did he encounter away from home?,False
What did he find in his travels that he didn't find in Stratford?,False
What did he miss most about Stratford?,False
What did his friends think of his departure? ,False
What did the townspeople think of his departure?,False
What events encouraged him to depart?,False
What had changed to make him desire to leave?,False
What inspired him to leave Stratford?,False
What lands did he traverse?,False
What language barriers did he face?,False
What lasting impact will his departure have on the town?,False
What people did he meet along the way?,False
What tales of his journey will he later recount?,False
What was his final destination?,False
What was the Bard thinking? ,False
What will happen to him now that he is gone from Stratford?,False
"When each DNA sequence is translated into a protein, it affects the organism's traits. ",True
Where was he heading?,False
Who doesn't know about Shakespeare's prolific career?,False
Who helped him with his departure?,False
"Who, or what, was the driving force behind his decision to leave?",False
Why did Shakespeare feel it was time to depart?,False
Will Shakespeare return to Stratford?,False
Will he ever return?,False
Will he share any of his experiences during his travels?,False
Will his Stratford life be the stuff of legends?,False
Will his return bring him closer to his roots?,False
Will the people of Stratford ever be able to fully comprehend why he left?,False
Without a doubt,False
Without any hesitation,False
Without question,False
Would anyone support his decision to go?,False
"Wow, I never realized the amount he created.",False
"Wow, that's quite a lot of works he created!",False
Writing 154 sonnets must have taken a tremendous amount of dedication.,False
Yes,False
"Yes, most likely",False
active transport of amino acids,True
"also known as 'Shall I Compare Thee to a Summer's Day', is one of the most famous of Shakespeare's sonnets.",False
amino acid activation,True
amino acid catabolism to form acetyl-CoA,True
ammonification and deamination of amino acids,True
and 1613.,False
assembly of proteins in cells,True
atural selection acts as a driving force for evolution by allowing certain organisms to survive in their environment while others do not.,True
basic mechanism for inheritable gene expression?,True
basic requirement for gene regulation?,True
beneficial component for regulating gene expression?,True
beneficial factor for maintaining gene silencing?,True
beneficial factor in the maintenance of genetic stability?,True
binding of amino acid to transfer RNA,True
binding of amino acids to regulatory proteins,True
binding proteins to DNA,True
binding proteins to receptors,True
biosynthesis of nucleic acids,True
breakdown of proteins into amino acids,True
codon recognition by ribosomes,True
condensation reactions,True
conversion of amino acids to carboxylic acids,True
conversion of amino acids to glucose or fatty acids,True
conversion of ammonia to urea,True
conversion of essential amino acids into non-essential,True
conversion of tryptophan to serotonin,True
core component for genome integrity and evolution?,True
critical consideration for maintaining genetic diversity?,True
critical consideration in the formation of chromatids?,True
critical element in controlling gene expression?,True
critical enabler for chromatin remodeling?,True
critical factor for genome stability?,True
critical factor in gene regulation pathways?,True
critical factor in keeping the genetic information safe?,True
critical feature for altering long-range gene expression?,True
crucial for chromatin structure related diseases?,True
crucial part of genetic inheritance?,True
crucial piece for the DNA packaging and replication process?,True
cytosolic catabolism of amino acids,True
deamination of amino acids,True
determination of the amino acid sequence of a protein,True
e is often referred to as the Bard of Avon.,False
e is often regarded as the greatest writer in the English language.,False
enotype is the genetic code for a particular organism while phenotype is the observable characteristics or traits of an organism. ,True
entry of amino acids into the Krebs cycle,True
enzyme reactions forming amino acids from other molecules,True
enzymes that recognize specific proteins,True
essential aid for epigenetic silencing?,True
essential aid for maintaining genetic integrity?,True
essential aid for transcription control regions?,True
essential component in RNA polymerase binding?,True
essential control in DNA packaging within cell?,True
essential element for control of regulatory regions?,True
essential element for maintaining genetic equilibrium?,True
essential element for replicating DNA?,True
essential element in chromosome segregation?,True
essential element of cell metabolism?,True
essential facilitator for post-transcriptional mRNA transport?,True
essential feature for gene expression?,True
essential tool for cancer diagnosis and treatment?,True
formation and maintenance of the urea cycle,True
formation of dopamine from tyrosine,True
formation of new peptide bonds,True
formation of the peptide bonds,True
fundamental component for gene expression control?,True
fundamental feature of DNA transcription?,True
fundamental part of DNA replication and segregation?,True
fundamental requirement for chromatin structure?,True
glutamine and asparagine metabolism,True
hakespeare composed plays and 154 sonnets in his lifetime. ,False
hakespeare created a lasting legacy with his Lays and Sonnets.,False
hakespeare wrote 154 sonnets during his lifetime.,False
hat was the Bard thinking? ,False
"he mitochondrion is the cell’s power plant, converting food molecules into energy in the form of ATP. ",True
hydrolysis reactions,True
imperative control of chromatin structure?,True
imperative factor for genome duplication?,True
important component of cells?,True
important contributor to gene expression variability?,True
important control for DNA transcription?,True
important element for cell survival and development?,True
important element for telomeric regulation?,True
important enabler for genetic regulation?,True
important factor for controlling protein-DNA interactions?,True
important feature of eukaryotic chromosome structure?,True
important part in cell differentiation and development?,True
important part in nuclear mRNA processing?,True
incorporation of amino acids into non-essential proteins,True
incredible part of the central dogma of biology?,True
indispensable contributor to DNA replication fidelity?,True
indispensable control for cell cycle regulation?,True
indispensable control for cell differentiation?,True
indispensable tool for changing gene expression patterns?,True
influential player in the regulation of transcription?,True
initiation of translation by ribosomes,True
instrumental component for gene control?,True
instrumental factor for controlling gene expression levels?,True
instrumental in genetic reprogramming?,True
instrumental in maintaining gene transcription circadian rhythm?,True
instrumental part in enabling DNA methylation?,True
intake of essential amino acids from food,True
integral element for efficient DNA packaging?,True
integral part in DNA damage repair?,True
integral piece in eukaryotic gene regulation?,True
is achievements onnets were plentiful.,False
is an often-quoted poem written by Shakespeare.,False
is plays are studied and performed all over the world even to this day.,False
iscussion.,False
key element for epigenetic control of gene regulation?,True
key factor in maintaining chromosome structure?,True
key part in gene structure and function?,True
lays and 154 sonnets during his lifetime.,False
lays and 154 sonnets.,False
main component for DNA maintenance and repair?,True
main factor for epigenetic immortality?,True
main instrument for reorganising the cell nucleus?,True
main source of storage and transmission of genetic material?,True
metabolic interconversions of amino acids,True
metabolism of branched-chain amino acids,True
metabolism of cysteine and methionine,True
mitochondrial oxidation of some amino acids to CO2,True
mportant component of cells?,True
nd 1613.,False
necessary aid for gene expression silencing?,True
necessary component for screening promoter elements?,True
necessary component in regulating gene transcription?,True
necessary control for interactions between genes?,True
necessary element for chromatin accessibility?,True
necessary element for repressible gene expression?,True
necessary element in providing epigenetic control?,True
necessary enabling factor for gene regulation?,True
necessary feature for altering gene expression pattern?,True
necessary mechanism for chromosome condensation and organization?,True
necessary mechanism for genomic organization?,True
necessary part of cell-signaling pathways?,True
necessary player for regulative control of gene expression?,True
necessary tool for nuclear hormone response elements?,True
needed factor for controlling gene silencing?,True
needed factor for epigenetic modifications?,True
needed factor for nanothechnology development?,True
nitric oxide metabolism,True
nucleotide metabolism,True
onnets during his lifetime.,False
onnets in his lifetime. ,False
onnets must have taken a tremendous amount of dedication.,False
onnets.,False
"ow, that's quite a lot of works he created!",False
oxidation of amino acids,True
oxidation of some amino acids to form ketoacids,True
oxidative deamination,True
pecies classification serves as a way to identify and study biological organisms.,True
peptide elongation,True
phosphate transfer between molecules,True
plays and 154 sonnets during his lifetime.,False
plays and 154 sonnets.,False
post-translational modifications,True
posttranslational modifications of proteins,True
powerful regulator of gene expression?,True
prime regulator of epigenetic inheritance?,True
principal tool for cell differentiation?,True
production of acetyl-CoA,True
production of amines and amides from amino acids,True
production of amino groups for metabolic pathways,True
production of carbon skeletons from amino acids,True
production of energy,True
production of energy from carbohydrate metabolism,True
production of energy from proteins,True
production of fats from amino acids,True
production of hormones from amino acids,True
production of neurotransmitters from amino acids,True
production of phenylalanine from tyrosine,True
production of porphyrins,True
production of purines and pyrimidines from amino acids,True
production of sulfur-containing amino acids,True
production of tyrosine from aspartic acid,True
production of urea from amino acids,True
production or degradation of peptides,True
proteolysis by proteases,True
proteolysis of proteins,True
quaternary structure of proteins,True
re-arrangement of disulfide bonds,True
reactions for the production of peptide hormones,True
reactions involving co-factors and co-enzymes,True
regulation of amino acid metabolism,True
regulation of gene expression,True
"release of carbon, nitrogen, and sulfur",True
removal of excess amino groups,True
roducing energy for a cell,True
secretion of proteins from the cell,True
signal transduction pathways,True
sonnets during his lifetime.,False
sonnets in his lifetime. ,False
sonnets.,False
sorting of proteins into organelles,True
storage and use of ammonia,True
storage of amino acids,True
structural rearrangements of the protein,True
synthesis of complex lipids from amino acids,True
synthesis of hormones from amino acids,True
synthesis of lipids from amino acids,True
synthesis of lipoproteins from amino acids,True
synthesis of neurotransmitters from amino acids,True
synthesis of new proteins,True
synthesis of proteins by cells,True
synthesis of small molecules,True
synthesis of vitamin B12 from amino acids,True
synthesis of vitamins from amino acids,True
transfer of amino groups from amino acids,True
transfer of nitrogen,True
transfer of nitrogen from cellular pools,True
transfer of proteins to the cell surface,True
transpeptidation reactions,True
transport of amino acids from the intestine to other organs,True
transport of metabolites across the cell membrane,True
transport of peptides and proteins across the cell membrane,True
uptake of amino acids from the blood,True
uptake of proteins by cells,True
urea synthesis,True
useful component for genomic,True
useful mechanism in controlling gain and loss of information?,True
useful tool for controlling the level of gene expression?,True
valuable tool for mapping genetic information?,True
vital part of gene expression regulation?,True
vital player in regulating gene transcription?,True
vital tool for accurate transcription of information?,True
words to the English language.,False
years old.,False
